{"cameraMode":{"drawMode":0,"name":"Shaded","section":"Shading Mode"},"sceneLighting":true,"audioPlay":false,"sceneViewState":{"showFog":true,"showMaterialUpdate":false,"showSkybox":true,"showFlares":true,"showImageEffects":true,"showParticleSystems":true},"in2DMode":false,"pivot":{"x":-8.443002700805664,"y":1.4888782501220704,"z":0.2997335195541382},"rotation":{"x":0.01981160044670105,"y":0.8765047192573547,"z":-0.035682111978530887,"w":0.48041731119155886},"size":2.159459114074707,"orthographic":false}